artist_name,main_genre,genre_source,display_genre
.idk.,hip hop,musicbrainz,Hip-hop / Rap
070 Shake,alternative hip hop,musicbrainz,Hip-hop / Rap
2 Chainz,house,musicbrainz,Electronic / Dance
21 Savage,hip hop,musicbrainz,Hip-hop / Rap
4n Way,Person,musicbrainz,Other / Unknown
646yf4t,Person,musicbrainz,Other / Unknown
6ix9ine,drill,musicbrainz,Hip-hop / Rap
88-Keys,hip hop,musicbrainz,Hip-hop / Rap
93PUNX,Group,musicbrainz,Other / Unknown
A Tribe Called Quest,american,musicbrainz,Other / Unknown
A$AP Ferg,unknown,none,Other / Unknown
A$AP Mob,east coast hip hop,musicbrainz,Hip-hop / Rap
A$AP Rocky,rap,musicbrainz,Hip-hop / Rap
ABRA,alternative r&b,musicbrainz,R&B / Soul
AFROJACK,electronic,musicbrainz,Electronic / Dance
AWGE,Group,musicbrainz,Other / Unknown
Aaron Behrens,Person,musicbrainz,Other / Unknown
Aaron Dessner,ingénieur du son,musicbrainz,Other / Unknown
Aaron Rice,Person,musicbrainz,Other / Unknown
Aasim,Person,musicbrainz,Other / Unknown
Abstract Mindstate,Group,musicbrainz,Other / Unknown
Adam Levine,rock,musicbrainz,Rock / Alternative
Adam Melchor,contemporary folk,musicbrainz,Folk / Country
Adent,unknown,none,Other / Unknown
Aero Flynn,Person,musicbrainz,Other / Unknown
Agent Sasco (Assassin),unknown,none,Other / Unknown
Aj that block,unknown,none,Other / Unknown
Al Be Back,unknown,none,Other / Unknown
Al Green,soul,musicbrainz,R&B / Soul
Alabaster dePlume,Person,musicbrainz,Other / Unknown
Alex Ebert,unknown,none,Other / Unknown
Alison Krauss,country,musicbrainz,Folk / Country
Allan Kingdom,Person,musicbrainz,Other / Unknown
Aloe Blacc,soul,musicbrainz,R&B / Soul
"Alurgle, thrugle, burgle",unknown,none,Other / Unknown
Amaarae,afrobeats,musicbrainz,Global / Reggae
Ambré,alternative r&b,musicbrainz,R&B / Soul
Amy Wallace,unknown,none,Other / Unknown
Anderson .Paak,rap,musicbrainz,Hip-hop / Rap
André 3000,hip hop,musicbrainz,Hip-hop / Rap
Angel Bat Dawid,Person,musicbrainz,Other / Unknown
Anna (USA),unknown,none,Other / Unknown
Anna of the North,pop,musicbrainz,Pop
Annbjørg Lien,Person,musicbrainz,Other / Unknown
Annie Schindel,Person,musicbrainz,Other / Unknown
Ant Clemons,contemporary r&b,musicbrainz,R&B / Soul
Anuna,folk,musicbrainz,Folk / Country
Apple Music,unknown,none,Other / Unknown
Ariana Grande,pop,musicbrainz,Pop
Artists For Haiti,michael jackson,musicbrainz,Other / Unknown
Ashe,pop,musicbrainz,Pop
Ashton Travis,unknown,none,Other / Unknown
Audio Push,hip hop,musicbrainz,Hip-hop / Rap
Audrey Hobert,pop,musicbrainz,Pop
Auntie Fee,unknown,none,Other / Unknown
Azealia Banks,dance,musicbrainz,Electronic / Dance
B.o.B,rock,musicbrainz,Rock / Alternative
BADBADNOTGOOD,rap,musicbrainz,Hip-hop / Rap
BANKS,rap,musicbrainz,Hip-hop / Rap
BBY GOYARD,Person,musicbrainz,Other / Unknown
BET,latvian,musicbrainz,Other / Unknown
BJ the Chicago Kid,rap,musicbrainz,Hip-hop / Rap
BOOTS,Person,musicbrainz,Other / Unknown
BOYS LIKE GIRLS,pop,musicbrainz,Pop
BROCKHAMPTON,pop,musicbrainz,Pop
Baby Keem,hip hop,musicbrainz,Hip-hop / Rap
Bad Bunny,pop,musicbrainz,Pop
Bakar,Person,musicbrainz,Other / Unknown
Bas,trap,musicbrainz,Hip-hop / Rap
Bearface,Person,musicbrainz,Other / Unknown
Becky and the Birds,queer,musicbrainz,Other / Unknown
Belly,folk,musicbrainz,Folk / Country
Belo Zero,hip hop,musicbrainz,Hip-hop / Rap
Ben Goldwasser,compositeur,musicbrainz,Other / Unknown
Ben Kweller,rock,musicbrainz,Rock / Alternative
Beyoncé,pop,musicbrainz,Pop
Bibi Bourelly,Person,musicbrainz,Other / Unknown
Big Red Machine,post-rock,musicbrainz,Rock / Alternative
Big Sean,2020s,musicbrainz,Other / Unknown
Big Tigger,Person,musicbrainz,Other / Unknown
Billy Lemos,Person,musicbrainz,Other / Unknown
Birdflower,Person,musicbrainz,Other / Unknown
Biz Markie,hip-hop,musicbrainz,Hip-hop / Rap
Bizhiki,Group,musicbrainz,Other / Unknown
Blac Youngsta,trap,musicbrainz,Hip-hop / Rap
Black Cards,Group,musicbrainz,Other / Unknown
Blake Mills,rock,musicbrainz,Rock / Alternative
Blood Orange,indie pop,musicbrainz,Pop
Bobby Raps,rapper,musicbrainz,Hip-hop / Rap
Bon Iver,electronic,musicbrainz,Electronic / Dance
Bonnie Raitt,rock,musicbrainz,Rock / Alternative
Boyz II Men,pop,musicbrainz,Pop
Brandy,pop,musicbrainz,Pop
Brenda Fricker,Person,musicbrainz,Other / Unknown
Brenda Russell,pop,musicbrainz,Pop
Brendon Urie,panic at the disco,musicbrainz,Other / Unknown
Brent Faiyaz,soul,musicbrainz,R&B / Soul
Brian Chippendale,Person,musicbrainz,Other / Unknown
Bruce Hornsby,rock,musicbrainz,Rock / Alternative
Bruce Springsteen,rock,musicbrainz,Rock / Alternative
Bryson Tiller,contemporary r&b,musicbrainz,R&B / Soul
Buddy,server name,musicbrainz,Other / Unknown
Buju Banton,reggae,musicbrainz,Global / Reggae
Bump J,hip hop,musicbrainz,Hip-hop / Rap
Bun B,rap,musicbrainz,Hip-hop / Rap
Burna Boy,reggae,musicbrainz,Global / Reggae
Burroughs T,unknown,none,Other / Unknown
Busta Rhymes,rap,musicbrainz,Hip-hop / Rap
Béla Fleck,bluegrass,musicbrainz,Folk / Country
CHASE B,Person,musicbrainz,Other / Unknown
CHOPS,hip hop,musicbrainz,Hip-hop / Rap
CJ Camerieri,Person,musicbrainz,Other / Unknown
Cailin Russo,Person,musicbrainz,Other / Unknown
Caliveli,unknown,none,Other / Unknown
Callie stokes,unknown,none,Other / Unknown
Calvin Harris,electronic,musicbrainz,Electronic / Dance
Camila Cabello,pop,musicbrainz,Pop
Cam’ron,hip hop,musicbrainz,Hip-hop / Rap
Cancer Merchant,unknown,none,Other / Unknown
Carl Thomas,r&b,musicbrainz,R&B / Soul
Carlos Núñez,Person,musicbrainz,Other / Unknown
Carly Rae Jepsen,synthpop,musicbrainz,Electronic / Dance
Carolina Chocolate Drops,old-time,musicbrainz,Folk / Country
Caroline Shaw,composer,musicbrainz,Jazz / Classical
Casey Veggies,hip hop,musicbrainz,Hip-hop / Rap
Cash Cobain,Person,musicbrainz,Other / Unknown
Cashmere Cat,alliteration,musicbrainz,Other / Unknown
Cassie,hip hop rnb and dance hall,musicbrainz,Hip-hop / Rap
Catherine Coleman,Person,musicbrainz,Other / Unknown
Chaka Khan,funk,musicbrainz,R&B / Soul
Chamillionaire,rap,musicbrainz,Hip-hop / Rap
Chance the Rapper,hip hop,musicbrainz,Hip-hop / Rap
Channy Leaneagh,Person,musicbrainz,Other / Unknown
Chantal Kreviazuk,pop,musicbrainz,Pop
Charlamagne Tha God,Person,musicbrainz,Other / Unknown
Charles Wesley Godwin,country,musicbrainz,Folk / Country
Charli xcx,trance,musicbrainz,Electronic / Dance
Charlie Wilson,soul,musicbrainz,R&B / Soul
Charlotte Day Wilson,alternative r&b,musicbrainz,R&B / Soul
Chassol,Person,musicbrainz,Other / Unknown
Chavela Vargas,latin,musicbrainz,Global / Reggae
Chester Watson,Person,musicbrainz,Other / Unknown
Chief Keef,mumble rap,musicbrainz,Hip-hop / Rap
Childish Gambino,rap,musicbrainz,Hip-hop / Rap
Chris Brown,pop,musicbrainz,Pop
Chris Martin,Person,musicbrainz,Other / Unknown
Chris Stapleton,singer-songwriter,musicbrainz,Other / Unknown
Christina Aguilera,rock,musicbrainz,Rock / Alternative
Chuck Inglish,hip hop,musicbrainz,Hip-hop / Rap
Cid Rim,Person,musicbrainz,Other / Unknown
Clairo,pop,musicbrainz,Pop
Clara Waidley,unknown,none,Other / Unknown
Clipse,rap,musicbrainz,Hip-hop / Rap
Colbie Caillat,folk pop,musicbrainz,Folk / Country
Cole Davis,Person,musicbrainz,Other / Unknown
Common,hip-hop,musicbrainz,Hip-hop / Rap
Community Lists,unknown,none,Other / Unknown
Conan O’Brien,Person,musicbrainz,Other / Unknown
Connie Mitchell,Person,musicbrainz,Other / Unknown
Consequence,hip hop,musicbrainz,Hip-hop / Rap
Conway the Machine,unknown,none,Other / Unknown
Cordae,rap,musicbrainz,Hip-hop / Rap
CyHi,Person,musicbrainz,Other / Unknown
DJ Clue,east coast hip hop,musicbrainz,Hip-hop / Rap
DJ Felli Fel,hip hop rnb and dance hall,musicbrainz,Hip-hop / Rap
DJ Hot Day,unknown,none,Other / Unknown
DJ Khaled,another one,musicbrainz,Other / Unknown
DJ Premier,boom bap,musicbrainz,Hip-hop / Rap
DJ Snake,rap,musicbrainz,Hip-hop / Rap
DJ Stevie J,unknown,none,Other / Unknown
DJ White Lotus,unknown,none,Other / Unknown
DJ-AudioJack,unknown,none,Other / Unknown
DP Beats,unknown,none,Other / Unknown
DRAM,hip hop,musicbrainz,Hip-hop / Rap
DUCKWRTH,pop rap,musicbrainz,Hip-hop / Rap
DYLNMBRY,unknown,none,Other / Unknown
DaBaby,southern hip hop,musicbrainz,Hip-hop / Rap
Daft Punk,electronic,musicbrainz,Electronic / Dance
Daithí Ó Sé,Person,musicbrainz,Other / Unknown
Dame Dash,unknown,none,Other / Unknown
Dan Reeder,Person,musicbrainz,Other / Unknown
Danger Mouse,electronic,musicbrainz,Electronic / Dance
Daniel Caesar,toronto,musicbrainz,Other / Unknown
Daniel Larson,Person,musicbrainz,Other / Unknown
Danielle Haim,Person,musicbrainz,Other / Unknown
Dapurr,unknown,none,Other / Unknown
Daron Eubanks,unknown,none,Other / Unknown
Das Racist,hip hop,musicbrainz,Hip-hop / Rap
Dave Chappelle,standup comedy,musicbrainz,Other / Unknown
David Rawlings,americana,musicbrainz,Folk / Country
De La Soul,american,musicbrainz,Other / Unknown
DeRay Davis,Person,musicbrainz,Other / Unknown
Def Rain,unknown,none,Other / Unknown
Dem Jointz,hip hop,musicbrainz,Hip-hop / Rap
Demegod,unknown,none,Other / Unknown
Derrick Milano,hip hop,musicbrainz,Hip-hop / Rap
Desiigner,trap rap,musicbrainz,Hip-hop / Rap
Deyaz,Person,musicbrainz,Other / Unknown
Diana Gordon,pop,musicbrainz,Pop
Diana Krall,pop,musicbrainz,Pop
Diddy,pop,musicbrainz,Pop
Digital Nas,Person,musicbrainz,Other / Unknown
Dijon,alternative r&b,musicbrainz,R&B / Soul
Dilated Peoples,hip hop rnb and dance hall,musicbrainz,Hip-hop / Rap
Djo,indie rock,musicbrainz,Rock / Alternative
Domo Genesis,hardcore hip hop,musicbrainz,Hip-hop / Rap
Don Toliver,hip hop,musicbrainz,Hip-hop / Rap
Don Williams,singer-songwriter,musicbrainz,Other / Unknown
Donnie (CAN),unknown,none,Other / Unknown
Dora Jar,indie pop,musicbrainz,Pop
Douglas Druick,unknown,none,Other / Unknown
Dr. Dog,rock,musicbrainz,Rock / Alternative
Dr. Thorsten Wörmann,unknown,none,Other / Unknown
Drake,pop,musicbrainz,Pop
Dreamer Isioma,Person,musicbrainz,Other / Unknown
Dreezy,pop rap,musicbrainz,Hip-hop / Rap
Dua Saleh,Person,musicbrainz,Other / Unknown
Dwele,soul,musicbrainz,R&B / Soul
DylanGLC,unknown,none,Other / Unknown
D’Banj,Person,musicbrainz,Other / Unknown
EST Gee,hip hop,musicbrainz,Hip-hop / Rap
Earl Sweatshirt,rap,musicbrainz,Hip-hop / Rap
Echo,rock,musicbrainz,Rock / Alternative
Ed Sheeran,pop,musicbrainz,Pop
Edward Sharpe & The Magnetic Zeros,indie folk,musicbrainz,Folk / Country
Eileen Ivers,folk,musicbrainz,Folk / Country
Electric Würms,psychedelic rock,musicbrainz,Rock / Alternative
Electrik Red,Group,musicbrainz,Other / Unknown
Elio e le Storie Tese,rock,musicbrainz,Rock / Alternative
Ellayo,unknown,none,Other / Unknown
Ellen DeGeneres,comedy,musicbrainz,Other / Unknown
Ellie Goulding,synthpop,musicbrainz,Electronic / Dance
Elly Jackson,Person,musicbrainz,Other / Unknown
Elton John,rock,musicbrainz,Rock / Alternative
Elvis Costello,rock,musicbrainz,Rock / Alternative
Emmylou Harris,folk,musicbrainz,Folk / Country
Empress Of,pop,musicbrainz,Pop
EnJay (AUS),unknown,none,Other / Unknown
Entertainment Tonight,unknown,none,Other / Unknown
Entertainment Weekly,unknown,none,Other / Unknown
Erykah Badu,jazz,musicbrainz,Jazz / Classical
Estelle,uk,musicbrainz,Other / Unknown
Ethan Gruska,indie folk,musicbrainz,Folk / Country
Ethan Ross,Person,musicbrainz,Other / Unknown
Evan Clark,unknown,none,Other / Unknown
Evian Christ,Person,musicbrainz,Other / Unknown
FINNEAS,pop,musicbrainz,Pop
FKA twigs,electronic,musicbrainz,Electronic / Dance
FXXXXY,Person,musicbrainz,Other / Unknown
Fairlane,Person,musicbrainz,Other / Unknown
Fall Creek Boys Choirs,unknown,none,Other / Unknown
Fall Out Boy,rock,musicbrainz,Rock / Alternative
Fat Joe,hip hop,musicbrainz,Hip-hop / Rap
Fat Money,Person,musicbrainz,Other / Unknown
Federico Aliprandi,unknown,none,Other / Unknown
Felonie Fartinez,unknown,none,Other / Unknown
Femithegirl1123,unknown,none,Other / Unknown
Fever the Ghost,Group,musicbrainz,Other / Unknown
Fivio Foreign,drill,musicbrainz,Hip-hop / Rap
Flash Garments,unknown,none,Other / Unknown
Flock of Dimes,dream pop,musicbrainz,Pop
Florence + the Machine,rock,musicbrainz,Rock / Alternative
Fonzworth Bentley,Person,musicbrainz,Other / Unknown
Fousheé,pop,musicbrainz,Pop
Foxygen,indie pop,musicbrainz,Pop
Francis and the Lights,Group,musicbrainz,Other / Unknown
Frank Ocean,pop,musicbrainz,Pop
Frank Overby,unknown,none,Other / Unknown
Franki8000,unknown,none,Other / Unknown
Frankie Laine,western,musicbrainz,Folk / Country
Fred Hammond,gospel,musicbrainz,Jazz / Classical
Freddie Gibbs,rap,musicbrainz,Hip-hop / Rap
Free Nationals,neo soul,musicbrainz,R&B / Soul
Freeway,hip hop rnb and dance hall,musicbrainz,Hip-hop / Rap
French Montana,hip hop,musicbrainz,Hip-hop / Rap
Future,rap,musicbrainz,Hip-hop / Rap
G-Eazy,hip hop,musicbrainz,Hip-hop / Rap
GLC,hip hop,musicbrainz,Hip-hop / Rap
GQ Magazine,unknown,none,Other / Unknown
GRAV,ambient,musicbrainz,Electronic / Dance
Gabriella Rose,Person,musicbrainz,Other / Unknown
Gaidaa,Person,musicbrainz,Other / Unknown
Gail Ann Dorsey,bass guitar,musicbrainz,Other / Unknown
Gallant,electronic,musicbrainz,Electronic / Dance
Gary Card,Person,musicbrainz,Other / Unknown
Gary Lightbody,alternative rock,musicbrainz,Rock / Alternative
Genius Videography,unknown,none,Other / Unknown
Gesaffelstein,electronic,musicbrainz,Electronic / Dance
Gibby Haynes,Person,musicbrainz,Other / Unknown
Gil Scott-Heron,rock and indie,musicbrainz,Rock / Alternative
Gillian Welch,folk,musicbrainz,Folk / Country
Gizzle,hip hop,musicbrainz,Hip-hop / Rap
Glass Tiger,rock,musicbrainz,Rock / Alternative
Go Getters,rockabilly,musicbrainz,Rock / Alternative
Goats Aint Real,Person,musicbrainz,Other / Unknown
Gost Niex,unknown,none,Other / Unknown
Grace Potter,rock,musicbrainz,Rock / Alternative
Gracie Abrams,pop,musicbrainz,Pop
Griff,singer-songwriter,musicbrainz,Other / Unknown
Gucci Mane,rap,musicbrainz,Hip-hop / Rap
Gunna,trap,musicbrainz,Hip-hop / Rap
H.E.R.,soul,musicbrainz,R&B / Soul
HAIM,rock,musicbrainz,Rock / Alternative
HE4D W0LF,unknown,none,Other / Unknown
HOTT MT,Group,musicbrainz,Other / Unknown
HS87,Group,musicbrainz,Other / Unknown
Haleek Maul,Person,musicbrainz,Other / Unknown
Halsey,rock,musicbrainz,Rock / Alternative
Hamish Bowles,unknown,none,Other / Unknown
Hammock,electronic,musicbrainz,Electronic / Dance
Harmony Boyd,unknown,none,Other / Unknown
Harper’s Bazaar,unknown,none,Other / Unknown
Hassan Khaffaf,Person,musicbrainz,Other / Unknown
Hayley Williams,rock,musicbrainz,Rock / Alternative
Hazakim,Group,musicbrainz,Other / Unknown
Helado Negro,indie rock,musicbrainz,Rock / Alternative
Henry Rollins,comedy,musicbrainz,Other / Unknown
Hit-Boy,hip hop,musicbrainz,Hip-hop / Rap
Hope Waidley,Person,musicbrainz,Other / Unknown
Hustle Gang,hip-hop,musicbrainz,Hip-hop / Rap
IDRIS,jazz,musicbrainz,Jazz / Classical
IShowSpeed,hip hop,musicbrainz,Hip-hop / Rap
Ibrahim Hariri,unknown,none,Other / Unknown
Ilsey,Person,musicbrainz,Other / Unknown
Imelda May,rock,musicbrainz,Rock / Alternative
Infamous Syndicate,Group,musicbrainz,Other / Unknown
Iqbooster,unknown,none,Other / Unknown
Isaac Brock,american,musicbrainz,Other / Unknown
J Mascis,singer-songwriter,musicbrainz,Other / Unknown
J. Cole,rap,musicbrainz,Hip-hop / Rap
J. Ivy,Person,musicbrainz,Other / Unknown
J.Lauryn,unknown,none,Other / Unknown
JAYLIEN,Person,musicbrainz,Other / Unknown
JAŸ-Z,pop,musicbrainz,Pop
JID,hip hop,musicbrainz,Hip-hop / Rap
JIIN,unknown,none,Other / Unknown
JODYE KROSS,unknown,none,Other / Unknown
JYJ,k-pop,musicbrainz,Pop
Jaaavee!?,unknown,none,Other / Unknown
Jack Harlow,hip hop,musicbrainz,Hip-hop / Rap
Jackson Browne,rock,musicbrainz,Rock / Alternative
Jacob Collier,electronic,musicbrainz,Electronic / Dance
Jadakiss,rap,musicbrainz,Hip-hop / Rap
Jade Castrinos,Person,musicbrainz,Other / Unknown
James Blake,electronic,musicbrainz,Electronic / Dance
James Fadiman,unknown,none,Other / Unknown
James Fauntleroy,Person,musicbrainz,Other / Unknown
Jamie Foxx,soul,musicbrainz,R&B / Soul
Jana Hunter,singer-songwriter,musicbrainz,Other / Unknown
Janet Byrne Neiman,unknown,none,Other / Unknown
Janet Jackson,pop,musicbrainz,Pop
Jay 305,Person,musicbrainz,Other / Unknown
Jay Electronica,abstract hip hop,musicbrainz,Hip-hop / Rap
Jay Lavita,unknown,none,Other / Unknown
Jean Dawson,Person,musicbrainz,Other / Unknown
Jeezy,rap,musicbrainz,Hip-hop / Rap
Jeff Bhasker,Person,musicbrainz,Other / Unknown
Jeff Parker,jazz,musicbrainz,Jazz / Classical
Jeff White,folk,musicbrainz,Folk / Country
Jenny Holzer,Person,musicbrainz,Other / Unknown
Jeremih,soul,musicbrainz,R&B / Soul
Jesca Hoop,alternative rock,musicbrainz,Rock / Alternative
Jessie Reyez,swing,musicbrainz,Jazz / Classical
Jey One,Person,musicbrainz,Other / Unknown
Jhené Aiko,r&b,musicbrainz,R&B / Soul
Jim James,indie rock,musicbrainz,Rock / Alternative
Jim Jones,alliteration,musicbrainz,Other / Unknown
Jim Mangan,unknown,none,Other / Unknown
Jim-E Stack,electronic,musicbrainz,Electronic / Dance
Jimmy Fallon,comedy,musicbrainz,Other / Unknown
Jimmy Kimmel,Person,musicbrainz,Other / Unknown
Jjared,Person,musicbrainz,Other / Unknown
Joan Osborne,rock,musicbrainz,Rock / Alternative
Joe Energy Bortham,unknown,none,Other / Unknown
Joe Minter,unknown,none,Other / Unknown
Joe Young,blues,musicbrainz,Jazz / Classical
John C. Reilly,Person,musicbrainz,Other / Unknown
John Hiatt,folk,musicbrainz,Folk / Country
John Legend,american,musicbrainz,Other / Unknown
John Mayer,rock,musicbrainz,Rock / Alternative
John Moreland,singer-songwriter,musicbrainz,Other / Unknown
John Williams,soundtrack,musicbrainz,Experimental / Soundtrack
Johnny Rain,Person,musicbrainz,Other / Unknown
JoiStarr,Person,musicbrainz,Other / Unknown
Jon Caramanica,unknown,none,Other / Unknown
Jonathan Cheban,unknown,none,Other / Unknown
Jonathan the bum,unknown,none,Other / Unknown
Joni Mitchell,rock,musicbrainz,Rock / Alternative
Jonnie Malone,unknown,none,Other / Unknown
Jordan Garrett,Person,musicbrainz,Other / Unknown
Jor’dan Armstrong,Person,musicbrainz,Other / Unknown
Jozzy,Person,musicbrainz,Other / Unknown
Juice WRLD,rap,musicbrainz,Hip-hop / Rap
Juicy J,hip hop,musicbrainz,Hip-hop / Rap
Julianna Barwick,new age,musicbrainz,Experimental / Soundtrack
Julie Miller,singer-songwriter,musicbrainz,Other / Unknown
Juss,romantic,musicbrainz,Other / Unknown
Justice,rock,musicbrainz,Rock / Alternative
Justin Bieber,pop,musicbrainz,Pop
Justin Saunders,Person,musicbrainz,Other / Unknown
Justin Vernon,indie folk,musicbrainz,Folk / Country
Justine Skye,alternative r&b,musicbrainz,R&B / Soul
K. Forest,Person,musicbrainz,Other / Unknown
KB,christian rap,musicbrainz,Hip-hop / Rap
KINFU,Person,musicbrainz,Other / Unknown
KIRBY,ambient,musicbrainz,Electronic / Dance
KOHH,Person,musicbrainz,Other / Unknown
KXNG Crooked,hip hop,musicbrainz,Hip-hop / Rap
Kacey Musgraves,easy listening,musicbrainz,Other / Unknown
Kacy Hill,indie pop,musicbrainz,Pop
Kali Uchis,neo soul,musicbrainz,R&B / Soul
Kamaiyah,trap,musicbrainz,Hip-hop / Rap
Kanye West,Person,musicbrainz,Other / Unknown
Kanyes #1 fan,unknown,none,Other / Unknown
Karen O,Person,musicbrainz,Other / Unknown
Kaskade,electronic,musicbrainz,Electronic / Dance
Kassa Overall,rap,musicbrainz,Hip-hop / Rap
Kathryn Tickell,production music,musicbrainz,Experimental / Soundtrack
Kathy Brown,soul,musicbrainz,R&B / Soul
KayCyy,Person,musicbrainz,Other / Unknown
Keavan Yazdani,unknown,none,Other / Unknown
Kehlani,pop,musicbrainz,Pop
Keith Urban,country,musicbrainz,Folk / Country
Kelly Price,hip hop rnb and dance hall,musicbrainz,Hip-hop / Rap
Kendrick Lamar,pop,musicbrainz,Pop
Kenny Beats,unknown,none,Other / Unknown
Kenny G,jazz,musicbrainz,Jazz / Classical
Kent M$ney,Person,musicbrainz,Other / Unknown
Kentucky Thunder,unknown,none,Other / Unknown
Keri Hilson,pop,musicbrainz,Pop
Kesha,electronic,musicbrainz,Electronic / Dance
Keyshia Cole,hip hop,musicbrainz,Hip-hop / Rap
Kid Cudi,rap,musicbrainz,Hip-hop / Rap
Kid Sister,hip hop,musicbrainz,Hip-hop / Rap
Kidz in the Hall,hip hop rnb and dance hall,musicbrainz,Hip-hop / Rap
Kim Burrell,Person,musicbrainz,Other / Unknown
Kim Dotcom,electronic,musicbrainz,Electronic / Dance
Kim Kardashian,Person,musicbrainz,Other / Unknown
King Chip,unknown,none,Other / Unknown
King Combs,Person,musicbrainz,Other / Unknown
King David,Person,musicbrainz,Other / Unknown
King Gizzard & The Lizard Wizard,progressive rock,musicbrainz,Rock / Alternative
King Krule,electronic,musicbrainz,Electronic / Dance
King Louie,hip hop,musicbrainz,Hip-hop / Rap
Kings of Leon,rock,musicbrainz,Rock / Alternative
Kirk Franklin,gospel,musicbrainz,Jazz / Classical
Kirko Bangz,rap,musicbrainz,Hip-hop / Rap
Kodak Black,rap,musicbrainz,Hip-hop / Rap
Kool A.D.,Person,musicbrainz,Other / Unknown
Kosine,Person,musicbrainz,Other / Unknown
Kryptik,horrorcore,musicbrainz,Hip-hop / Rap
Kxhris,unknown,none,Other / Unknown
L.Dre,hip hop,musicbrainz,Hip-hop / Rap
LE SINNER,Person,musicbrainz,Other / Unknown
LLR HD,unknown,none,Other / Unknown
Labrinth,hip-hop,musicbrainz,Hip-hop / Rap
Lamont Lawrence,unknown,none,Other / Unknown
Lana Del Rey,electronic,musicbrainz,Electronic / Dance
Laurence Courtney,Person,musicbrainz,Other / Unknown
Leandro Carnarios,unknown,none,Other / Unknown
Lecrae,hip-hop,musicbrainz,Hip-hop / Rap
Liam Neeson,Person,musicbrainz,Other / Unknown
Lianne La Havas,r&b,musicbrainz,R&B / Soul
Lightning Bolt,math rock,musicbrainz,Rock / Alternative
Lil Animus,unknown,none,Other / Unknown
Lil B,rap,musicbrainz,Hip-hop / Rap
Lil Baby,rap,musicbrainz,Hip-hop / Rap
Lil Blessin,hip hop,musicbrainz,Hip-hop / Rap
Lil Dicky,comedy hip hop,musicbrainz,Hip-hop / Rap
Lil Duke,hip hop,musicbrainz,Hip-hop / Rap
Lil Durk,rap,musicbrainz,Hip-hop / Rap
Lil Nas X,hip hop,musicbrainz,Hip-hop / Rap
Lil Pump,hip hop,musicbrainz,Hip-hop / Rap
Lil Skydie,unknown,none,Other / Unknown
Lil Uzi Vert,hip hop,musicbrainz,Hip-hop / Rap
Lil Wayne,rock,musicbrainz,Rock / Alternative
Lil Xero,unknown,none,Other / Unknown
Lil Yachty,hip hop,musicbrainz,Hip-hop / Rap
Lila Downs,pop,musicbrainz,Pop
Linda Ronstadt,rock,musicbrainz,Rock / Alternative
Linear Downfall,Group,musicbrainz,Other / Unknown
Lisa Hannigan,pop,musicbrainz,Pop
Lisa Wainwright,unknown,none,Other / Unknown
Little Crusty D,unknown,none,Other / Unknown
Lloyd Banks,rap,musicbrainz,Hip-hop / Rap
Loccoo,unknown,none,Other / Unknown
Logic,rap,musicbrainz,Hip-hop / Rap
London Jae,Person,musicbrainz,Other / Unknown
Lonnie Holley,experimental music,musicbrainz,Experimental / Soundtrack
Lorde,synthpop,musicbrainz,Electronic / Dance
Loreena McKennitt,folk,musicbrainz,Folk / Country
Los Camperos de Valles,Group,musicbrainz,Other / Unknown
Los Cenzontles,Group,musicbrainz,Other / Unknown
Los Folkloristas,Group,musicbrainz,Other / Unknown
Los Tigres Del Norte,latin,musicbrainz,Global / Reggae
Louie V Gutta,unknown,none,Other / Unknown
Louis B,unknown,none,Other / Unknown
Low Pros,Group,musicbrainz,Other / Unknown
Lucky Daye,alternative r&b,musicbrainz,R&B / Soul
Ludacris,rap,musicbrainz,Hip-hop / Rap
Lupe Fiasco,hip-hop,musicbrainz,Hip-hop / Rap
Lyle Lovett,jazz,musicbrainz,Jazz / Classical
Lyrics Born,hip hop,musicbrainz,Hip-hop / Rap
Léa Sen,Person,musicbrainz,Other / Unknown
M.I.A.,electronic,musicbrainz,Electronic / Dance
M83,electronic,musicbrainz,Electronic / Dance
MGMT,rock,musicbrainz,Rock / Alternative
MILLENNIUM PARADE,alternative r&b,musicbrainz,R&B / Soul
MTV,v-pop,musicbrainz,Pop
Ma$e,unknown,none,Other / Unknown
MadeinTYO,trap,musicbrainz,Hip-hop / Rap
Madi,Person,musicbrainz,Other / Unknown
Madison Beer,pop,musicbrainz,Pop
Madonna,electronic,musicbrainz,Electronic / Dance
Maggie Rogers,pop,musicbrainz,Pop
Major Lazer,edm,musicbrainz,Electronic / Dance
Malik Yusef,Person,musicbrainz,Other / Unknown
ManagerSpeakerReset,unknown,none,Other / Unknown
Mandrill,funk,musicbrainz,R&B / Soul
Manfred Mann,rock,musicbrainz,Rock / Alternative
Mann,rock,musicbrainz,Rock / Alternative
Manuel #1,unknown,none,Other / Unknown
Maren Morris,country,musicbrainz,Folk / Country
Mariachi Santa Fe de Jesus Guzman,unknown,none,Other / Unknown
Marianne Faithfull,pop,musicbrainz,Pop
Marie “Free” Wright,unknown,none,Other / Unknown
Marilyn Manson,rock,musicbrainz,Rock / Alternative
Mark Knopfler,folk rock,musicbrainz,Folk / Country
Mark Ronson,rock,musicbrainz,Rock / Alternative
Mark Spitz,Person,musicbrainz,Other / Unknown
Maroon 5,rock,musicbrainz,Rock / Alternative
Marsha Ambrosius,soul,musicbrainz,R&B / Soul
Martin Garrix,dance-pop,musicbrainz,Electronic / Dance
Martina McBride,country,musicbrainz,Folk / Country
Mary Chapin Carpenter,folk,musicbrainz,Folk / Country
Mary J. Blige,hip hop rnb and dance hall,musicbrainz,Hip-hop / Rap
Mary Lattimore,alternative,musicbrainz,Rock / Alternative
Mashonda,Person,musicbrainz,Other / Unknown
Matt Champion,rap,musicbrainz,Hip-hop / Rap
Matthew E. White,soul,musicbrainz,R&B / Soul
Max B,hip hop,musicbrainz,Hip-hop / Rap
Max Martin,rock,musicbrainz,Rock / Alternative
Maxo Kream,trap,musicbrainz,Hip-hop / Rap
Maynard James Keenan,rock,musicbrainz,Rock / Alternative
McDonald’s,soul,musicbrainz,R&B / Soul
MeLo-X,Person,musicbrainz,Other / Unknown
Meccah Dawn,unknown,none,Other / Unknown
Meek Mill,hip hop,musicbrainz,Hip-hop / Rap
Melbeatz,hip hop,musicbrainz,Hip-hop / Rap
MellowHype,hip hop,musicbrainz,Hip-hop / Rap
Melz (artist),unknown,none,Other / Unknown
Metro Boomin,trap,musicbrainz,Hip-hop / Rap
Micah Nelson,Person,musicbrainz,Other / Unknown
Michael Jackson,rock,musicbrainz,Rock / Alternative
Michael Stipe,rock,musicbrainz,Rock / Alternative
Michael Tubridy,Person,musicbrainz,Other / Unknown
Michael Uzowuru,Person,musicbrainz,Other / Unknown
Mick Jagger,rock,musicbrainz,Rock / Alternative
Mick Jones,rock,musicbrainz,Rock / Alternative
Midi Mafia,hip hop,musicbrainz,Hip-hop / Rap
Migos,hip hop,musicbrainz,Hip-hop / Rap
Miguel,pop,musicbrainz,Pop
Mike Myers,canadian,musicbrainz,Other / Unknown
Mike Sullivan,Person,musicbrainz,Other / Unknown
Mikey Alfred,unknown,none,Other / Unknown
Mikkey Halsted,Person,musicbrainz,Other / Unknown
Miley Cyrus,rock,musicbrainz,Rock / Alternative
Mingtong Gu,unknown,none,Other / Unknown
Mk.gee,neo-psychedelia,musicbrainz,Rock / Alternative
Moby,rock,musicbrainz,Rock / Alternative
Momo Boyd,Person,musicbrainz,Other / Unknown
Moneybagg Yo,trap,musicbrainz,Hip-hop / Rap
Monica Martin,Person,musicbrainz,Other / Unknown
Moor Mother,hip hop,musicbrainz,Hip-hop / Rap
Morgan Delt,psychedelic rock,musicbrainz,Rock / Alternative
Moses Sumney,indie soul,musicbrainz,R&B / Soul
Mouloud Achour,unknown,none,Other / Unknown
Mount Kimbie,electronic,musicbrainz,Electronic / Dance
Moya Brennan,irish,musicbrainz,Other / Unknown
Mr Hudson,Person,musicbrainz,Other / Unknown
Mrdjsay,unknown,none,Other / Unknown
Ms. Boogie,unknown,none,Other / Unknown
Mulherin,Group,musicbrainz,Other / Unknown
Murphy Lee,hip hop,musicbrainz,Hip-hop / Rap
Murr,Group,musicbrainz,Other / Unknown
Musiq Soulchild,hip hop,musicbrainz,Hip-hop / Rap
Mustafa,Person,musicbrainz,Other / Unknown
Mustard,hip hop,musicbrainz,Hip-hop / Rap
My Morning Jacket,alternative rock,musicbrainz,Rock / Alternative
Myizz,unknown,none,Other / Unknown
Mykki Blanco,electronic,musicbrainz,Electronic / Dance
Máire Breatnach,celtic,musicbrainz,Folk / Country
NAV,hip hop,musicbrainz,Hip-hop / Rap
Nabil Elderkin,Person,musicbrainz,Other / Unknown
Nanci Griffith,folk,musicbrainz,Folk / Country
Nardwuar the Human Serviette,Person,musicbrainz,Other / Unknown
Nas,pop,musicbrainz,Pop
Natalie MacMaster,cape breton fiddling,musicbrainz,Folk / Country
Natalie Merchant,rock,musicbrainz,Rock / Alternative
Navethesigma,unknown,none,Other / Unknown
Navy Blue,hip hop,musicbrainz,Hip-hop / Rap
Na’kel Smith,unknown,none,Other / Unknown
Ne-Yo,dance,musicbrainz,Electronic / Dance
Nelly,pop,musicbrainz,Pop
Neon Indian,electronic,musicbrainz,Electronic / Dance
Netflix,Other,musicbrainz,Other / Unknown
New Fumes,Person,musicbrainz,Other / Unknown
Newz (USA),unknown,none,Other / Unknown
Nick Cannon,rap,musicbrainz,Hip-hop / Rap
Nick Cave & The Bad Seeds,rock,musicbrainz,Rock / Alternative
Nicki Minaj,electronic,musicbrainz,Electronic / Dance
Nikki Flores,Person,musicbrainz,Other / Unknown
Nine Vicious,Person,musicbrainz,Other / Unknown
Nino Blu,unknown,none,Other / Unknown
No Rome,alternative r&b,musicbrainz,R&B / Soul
Noah Kahan,pop,musicbrainz,Pop
Nolwen Monjarret,Person,musicbrainz,Other / Unknown
Norah Jones,pop,musicbrainz,Pop
Normani,Person,musicbrainz,Other / Unknown
North West,hip hop,musicbrainz,Hip-hop / Rap
Norwill Simmonds,Person,musicbrainz,Other / Unknown
O-Dot Holiday,unknown,none,Other / Unknown
OG CHE$$,unknown,none,Other / Unknown
OG Maco,hip hop,musicbrainz,Hip-hop / Rap
Octavian,hip hop,musicbrainz,Hip-hop / Rap
Odd Future,horrorcore,musicbrainz,Hip-hop / Rap
Offset,hip hop,musicbrainz,Hip-hop / Rap
Olskool Ice-Gre,Person,musicbrainz,Other / Unknown
Ol’ Dirty Bastard,rap,musicbrainz,Hip-hop / Rap
Omar Apollo,queer,musicbrainz,Other / Unknown
Om’Mas Keith,Person,musicbrainz,Other / Unknown
Open Mike Eagle,hip hop,musicbrainz,Hip-hop / Rap
Osbe Chill,unknown,none,Other / Unknown
Oyster Magazine,unknown,none,Other / Unknown
PARTYNEXTDOOR,canadian,musicbrainz,Other / Unknown
PD,Group,musicbrainz,Other / Unknown
PRICE,singer-songwriter,musicbrainz,Other / Unknown
Paolo Nutini,rock,musicbrainz,Rock / Alternative
Papoose,hip hop,musicbrainz,Hip-hop / Rap
Pardison Fontaine,Person,musicbrainz,Other / Unknown
Patti LaBelle,soul,musicbrainz,R&B / Soul
Patty Griffin,alternative rock,musicbrainz,Rock / Alternative
Paul Dally,unknown,none,Other / Unknown
Paul McCartney,rock,musicbrainz,Rock / Alternative
Paul McGuire (CMT),unknown,none,Other / Unknown
Paul Wall,rap,musicbrainz,Hip-hop / Rap
Peaches,electroclash,musicbrainz,Electronic / Dance
Peewee Longway,rap,musicbrainz,Hip-hop / Rap
Peso Pluma,regional mexicano,musicbrainz,Global / Reggae
Peter CottonTale,Person,musicbrainz,Other / Unknown
Phantogram,electronic,musicbrainz,Electronic / Dance
Pharrell Williams,pop,musicbrainz,Pop
Philip Bailey,soul,musicbrainz,R&B / Soul
Philly Swain,Person,musicbrainz,Other / Unknown
Phoebe Bridgers,folk,musicbrainz,Folk / Country
Pistol Annies,country,musicbrainz,Folk / Country
Pitchwafuzz,unknown,none,Other / Unknown
Playboi Carti,rap,musicbrainz,Hip-hop / Rap
Please Don’t Destroy,saturday night live,musicbrainz,Other / Unknown
Pop Smoke,rap,musicbrainz,Hip-hop / Rap
PopLord,Person,musicbrainz,Other / Unknown
Popcaan,dancehall,musicbrainz,Electronic / Dance
Post Malone,hip hop,musicbrainz,Hip-hop / Rap
Prefuse 73,dance and electronica,musicbrainz,Electronic / Dance
Preme,Person,musicbrainz,Other / Unknown
Prynce Geno,unknown,none,Other / Unknown
Punch Brothers,classical,musicbrainz,Jazz / Classical
Puscifer,rock,musicbrainz,Rock / Alternative
Pusha T,hip hop,musicbrainz,Hip-hop / Rap
Q-Tip,hip hop,musicbrainz,Hip-hop / Rap
Quality Control,Group,musicbrainz,Other / Unknown
Quavo,trap,musicbrainz,Hip-hop / Rap
Quentin Miller,Person,musicbrainz,Other / Unknown
ROLE MODEL,pop,musicbrainz,Pop
ROSALÍA,pop,musicbrainz,Pop
RZA,hip hop,musicbrainz,Hip-hop / Rap
Rae Sremmurd,pop rap,musicbrainz,Hip-hop / Rap
Raekwon,hip hop,musicbrainz,Hip-hop / Rap
Raf Simons,unknown,none,Other / Unknown
Ragz Originale,Group,musicbrainz,Other / Unknown
Raydon,Person,musicbrainz,Other / Unknown
Real Late with Peter Rosenberg,unknown,none,Other / Unknown
Really Doe,Person,musicbrainz,Other / Unknown
Reggie Watts,neo soul,musicbrainz,R&B / Soul
Rell,soul,musicbrainz,R&B / Soul
Rex Orange County,bedroom pop,musicbrainz,Pop
Rhona Hoffman,unknown,none,Other / Unknown
Rhymefest,hip hop,musicbrainz,Hip-hop / Rap
Rich Homie Quan,trap,musicbrainz,Hip-hop / Rap
Rich Kidz,Group,musicbrainz,Other / Unknown
Rich The Kid,hip hop,musicbrainz,Hip-hop / Rap
Rick James,rock,musicbrainz,Rock / Alternative
Rick Ross,trap rap,musicbrainz,Hip-hop / Rap
Ricky Skaggs,folk,musicbrainz,Folk / Country
Rihanna,pop,musicbrainz,Pop
Rina Sawayama,rock,musicbrainz,Rock / Alternative
River Tiber,Person,musicbrainz,Other / Unknown
Rob Adcock,unknown,none,Other / Unknown
Rob Moose,Person,musicbrainz,Other / Unknown
Rob49,Person,musicbrainz,Other / Unknown
Robert Henrik Williams Jr.,unknown,none,Other / Unknown
Robin Schulz,electronic,musicbrainz,Electronic / Dance
Rockie Fresh,hip hop,musicbrainz,Hip-hop / Rap
Roddy Ricch,rap,musicbrainz,Hip-hop / Rap
Rokia Koné,Person,musicbrainz,Other / Unknown
Rolling Stone,unknown,none,Other / Unknown
Rooga,Person,musicbrainz,Other / Unknown
Rosanne Cash,folk,musicbrainz,Folk / Country
Ross Gay,Person,musicbrainz,Other / Unknown
Ry Cooder,film soundtrack,musicbrainz,Experimental / Soundtrack
Ryan Breaux,unknown,none,Other / Unknown
Ryan Leslie,hip hop rnb and dance hall,musicbrainz,Hip-hop / Rap
Ryotabu,unknown,none,Other / Unknown
S.Black Boi,unknown,none,Other / Unknown
SACHI,Group,musicbrainz,Other / Unknown
SAINt JHN,hip hop,musicbrainz,Hip-hop / Rap
SDDSBHASP,unknown,none,Other / Unknown
SOPHIE,voice actor,musicbrainz,Other / Unknown
SWAVAY,Person,musicbrainz,Other / Unknown
SZA,electronic,musicbrainz,Electronic / Dance
Sabrina Carpenter,pop,musicbrainz,Pop
SadBois,rocktronic,musicbrainz,Rock / Alternative
Saintboy,unknown,none,Other / Unknown
Sampha,hip hop soul,musicbrainz,Hip-hop / Rap
Santigold,electronic,musicbrainz,Electronic / Dance
Sara Bareilles,pop rock,musicbrainz,Pop
Sauce Walka,hip hop,musicbrainz,Hip-hop / Rap
Saul Williams,alternative hip hop,musicbrainz,Hip-hop / Rap
ScHoolboy Q,hip hop,musicbrainz,Hip-hop / Rap
Scott Disick,unknown,none,Other / Unknown
Scratch (Hip-Hop),unknown,none,Other / Unknown
Seal,downtempo,musicbrainz,Electronic / Dance
Seamus Begley,irish folk,musicbrainz,Folk / Country
Sean Lennon,Person,musicbrainz,Other / Unknown
Sean Leon,Person,musicbrainz,Other / Unknown
Sean Paul,pop,musicbrainz,Pop
Seazyn,unknown,none,Other / Unknown
Selena Gomez,rock,musicbrainz,Rock / Alternative
Selita Ebanks,unknown,none,Other / Unknown
Seth Meyers,comedian,musicbrainz,Other / Unknown
Sexyy Red,rap,musicbrainz,Hip-hop / Rap
Seán Potts,Person,musicbrainz,Other / Unknown
Sharon Van Etten,folk,musicbrainz,Folk / Country
Shawnna,hip hop,musicbrainz,Hip-hop / Rap
Sheck Wes,trap,musicbrainz,Hip-hop / Rap
Shellback,Person,musicbrainz,Other / Unknown
Shenseea,dancehall,musicbrainz,Electronic / Dance
Shire Sha-ray,unknown,none,Other / Unknown
Shir’e,unknown,none,Other / Unknown
Sia,downtempo,musicbrainz,Electronic / Dance
Sierra Ferrell,singer-songwriter,musicbrainz,Other / Unknown
Sinéad O’Connor,rock,musicbrainz,Rock / Alternative
Sissel,folk pop,musicbrainz,Folk / Country
Skepta,house,musicbrainz,Electronic / Dance
Skrillex,rock,musicbrainz,Rock / Alternative
Slum Village,hip hop,musicbrainz,Hip-hop / Rap
Sly Polaroid,Person,musicbrainz,Other / Unknown
Smokepurpp,hip hop,musicbrainz,Hip-hop / Rap
Snoop Dogg,rap,musicbrainz,Hip-hop / Rap
Solar Tha Rightchus,unknown,none,Other / Unknown
Son Lux,experimental,musicbrainz,Experimental / Soundtrack
Sophia Fresh,Person,musicbrainz,Other / Unknown
Sophie Calle,Person,musicbrainz,Other / Unknown
Soulja Boy,rap,musicbrainz,Hip-hop / Rap
Southside,hip hop,musicbrainz,Hip-hop / Rap
Spaceface,Group,musicbrainz,Other / Unknown
Spaghetti_6,unknown,none,Other / Unknown
Spuf Don,unknown,none,Other / Unknown
St. Vincent,electronic,musicbrainz,Electronic / Dance
Stack Bundles,hip hop,musicbrainz,Hip-hop / Rap
Stalone,Person,musicbrainz,Other / Unknown
Stardeath And White Dwarfs,Group,musicbrainz,Other / Unknown
Stat Quo,hip hop,musicbrainz,Hip-hop / Rap
Steve Burns,Person,musicbrainz,Other / Unknown
Steve Lacy,jazz,musicbrainz,Jazz / Classical
Steve McQueen,Group,musicbrainz,Other / Unknown
Steve “ESPO” Powers,unknown,none,Other / Unknown
Stevie Wonder,pop,musicbrainz,Pop
Sting,rock,musicbrainz,Rock / Alternative
Stone Mecca,Person,musicbrainz,Other / Unknown
Strick,hip hop,musicbrainz,Hip-hop / Rap
Stromae,electropop,musicbrainz,Electronic / Dance
Stwo,electronic,musicbrainz,Electronic / Dance
Styles P,hip hop,musicbrainz,Hip-hop / Rap
Sufjan Stevens,alternative rock,musicbrainz,Rock / Alternative
Sugarland,country,musicbrainz,Folk / Country
Summer Walker,rap,musicbrainz,Hip-hop / Rap
Sunbears!,Group,musicbrainz,Other / Unknown
Sunday Service Choir,Group,musicbrainz,Other / Unknown
Supershirt,Group,musicbrainz,Other / Unknown
Surf Club,pop,musicbrainz,Pop
Swae Lee,hip hop,musicbrainz,Hip-hop / Rap
Sway in the Morning,unknown,none,Other / Unknown
Swizz Beatz,hip hop,musicbrainz,Hip-hop / Rap
Syd,rock,musicbrainz,Rock / Alternative
Syleena Johnson,contemporary r&b,musicbrainz,R&B / Soul
T-Pain,pop,musicbrainz,Pop
T.I.,rap,musicbrainz,Hip-hop / Rap
TBHits,Person,musicbrainz,Other / Unknown
TGOD808,unknown,none,Other / Unknown
THE DIAMONDS ARE BLACK!,Person,musicbrainz,Other / Unknown
TIME Magazine,unknown,none,Other / Unknown
TJANI,unknown,none,Other / Unknown
TOBACCO,experimental hip hop,musicbrainz,Hip-hop / Rap
Takeoff,hip hop,musicbrainz,Hip-hop / Rap
Talib Kweli,rap,musicbrainz,Hip-hop / Rap
Tame Impala,synthpop,musicbrainz,Electronic / Dance
Taylor Swift,pop,musicbrainz,Pop
Teddybears,Group,musicbrainz,Other / Unknown
Tee Grizzley,hip hop,musicbrainz,Hip-hop / Rap
Teefa,Person,musicbrainz,Other / Unknown
Teezo Touchdown,hip hop,musicbrainz,Hip-hop / Rap
Tegan and Sara,alternative rock,musicbrainz,Rock / Alternative
Tenoutoftenmiddlepart,unknown,none,Other / Unknown
Teriyaki Boyz,Group,musicbrainz,Other / Unknown
Termanology,hip hop,musicbrainz,Hip-hop / Rap
Terrace Martin,hip hop,musicbrainz,Hip-hop / Rap
Teyana Taylor,Person,musicbrainz,Other / Unknown
The 1975,rock,musicbrainz,Rock / Alternative
The Autumn Defense,Group,musicbrainz,Other / Unknown
The Belfast Harp Orchestra,unknown,none,Other / Unknown
The Boys Choir of Harlem,Choir,musicbrainz,Jazz / Classical
The Breakfast Club (Power 105.1),unknown,none,Other / Unknown
The Chemical Brothers,trip-hop,musicbrainz,Electronic / Dance
The Chicks,folk,musicbrainz,Folk / Country
The Chieftains,irish,musicbrainz,Other / Unknown
The Civil Wars,americana,musicbrainz,Folk / Country
The Cleveland Show,unknown,none,Other / Unknown
The Corrs,rock,musicbrainz,Rock / Alternative
The Decemberists,rock,musicbrainz,Rock / Alternative
The Del McCoury Band,folk,musicbrainz,Folk / Country
The Ennis Sisters,unknown,none,Other / Unknown
The FADER,unknown,none,Other / Unknown
The Flaming Lips,rock,musicbrainz,Rock / Alternative
The Game,rap,musicbrainz,Hip-hop / Rap
The LOX,hip hop,musicbrainz,Hip-hop / Rap
The Lonely Island,comedy hip hop,musicbrainz,Hip-hop / Rap
The Low Anthem,Group,musicbrainz,Other / Unknown
The Lumineers,folk,musicbrainz,Folk / Country
The Madd Rapper,hip hop,musicbrainz,Hip-hop / Rap
The National,alternative rock,musicbrainz,Rock / Alternative
The Pastelle Collective (Yedits),unknown,none,Other / Unknown
The Rankin Family,folk,musicbrainz,Folk / Country
The Renaissance Singers,Group,musicbrainz,Other / Unknown
The Rolling Stones,rock,musicbrainz,Rock / Alternative
The Secret Sisters,country folk,musicbrainz,Folk / Country
The War and Treaty,country soul,musicbrainz,R&B / Soul
The Weeknd,pop,musicbrainz,Pop
The World Famous Tony Williams,unknown,none,Other / Unknown
The Zandigo,unknown,none,Other / Unknown
The-Dream,songwriter,musicbrainz,Other / Unknown
TheNightAftr,Person,musicbrainz,Other / Unknown
Theodore Shapiro,film composer,musicbrainz,Jazz / Classical
Theophilus London,r&b alternative,musicbrainz,R&B / Soul
There I Ruined It,mashup,musicbrainz,Other / Unknown
Thievery Corporation,trip-hop,musicbrainz,Electronic / Dance
Thirty Seconds to Mars,rock,musicbrainz,Rock / Alternative
Thi’sl,christian rap,musicbrainz,Hip-hop / Rap
Thomas Powers,unknown,none,Other / Unknown
Tim McGraw,country,musicbrainz,Folk / Country
Tim O’Brien,folk,musicbrainz,Folk / Country
Timmy G,Person,musicbrainz,Other / Unknown
Timothée Chalamet,Person,musicbrainz,Other / Unknown
Tinashe,pop,musicbrainz,Pop
Tobias Jesso Jr.,indie pop,musicbrainz,Pop
Tom Jones,pop,musicbrainz,Pop
Tony Famous,unknown,none,Other / Unknown
Toro y Moi,electronic,musicbrainz,Electronic / Dance
Trace Adkins,country,musicbrainz,Folk / Country
Trae tha Truth,unknown,none,Other / Unknown
Trav,Person,musicbrainz,Other / Unknown
Travis Scott,rap,musicbrainz,Hip-hop / Rap
TrayDaySADD,unknown,none,Other / Unknown
Treasure Mammal,Group,musicbrainz,Other / Unknown
Treated Crew,unknown,none,Other / Unknown
Trick Daddy,hip hop,musicbrainz,Hip-hop / Rap
Trinidad James,hip hop,musicbrainz,Hip-hop / Rap
Trip Lee,Person,musicbrainz,Other / Unknown
Triple-Q,mashup,musicbrainz,Other / Unknown
Trippie Redd,hip hop,musicbrainz,Hip-hop / Rap
Twin Shadow,chillwave,musicbrainz,Electronic / Dance
Twista,rap,musicbrainz,Hip-hop / Rap
Ty Dolla $ign,rap,musicbrainz,Hip-hop / Rap
Tyga,rap,musicbrainz,Hip-hop / Rap
"Tyler, The Creator",hip hop,musicbrainz,Hip-hop / Rap
Tyrone Lebon,Person,musicbrainz,Other / Unknown
Tōth,Person,musicbrainz,Other / Unknown
USHER,pop,musicbrainz,Pop
Ultravox,synthpop,musicbrainz,Electronic / Dance
VIC MENSA,hip hop,musicbrainz,Hip-hop / Rap
VRITRA,Person,musicbrainz,Other / Unknown
Vado,hip hop,musicbrainz,Hip-hop / Rap
Vampire Weekend,rock,musicbrainz,Rock / Alternative
Van Dyke Parks,Person,musicbrainz,Other / Unknown
Van Lathan,unknown,none,Other / Unknown
Van Morrison,rock,musicbrainz,Rock / Alternative
Vanessa Elisha,unknown,none,Other / Unknown
Velvet Negroni,Person,musicbrainz,Other / Unknown
Vessels,rock,musicbrainz,Rock / Alternative
Victory,heavy metal,musicbrainz,Rock / Alternative
Vince Gill,bluegrass,musicbrainz,Folk / Country
Vince Staples,hip hop,musicbrainz,Hip-hop / Rap
Vogue,funk rock,musicbrainz,R&B / Soul
Vory,Person,musicbrainz,Other / Unknown
W Magazine,unknown,none,Other / Unknown
WYATTbeats,unknown,none,Other / Unknown
Wale,east coast hip hop,musicbrainz,Hip-hop / Rap
Wall Street Journal,unknown,none,Other / Unknown
Wallie the Sensei,Person,musicbrainz,Other / Unknown
Watchhouse,folk,musicbrainz,Folk / Country
Westside Gunn,hip hop,musicbrainz,Hip-hop / Rap
White Boy (USA),unknown,none,Other / Unknown
Will in the Sky,unknown,none,Other / Unknown
Willie Nelson,rock,musicbrainz,Rock / Alternative
Wim “The Iceman” Hof,unknown,none,Other / Unknown
Wiz Khalifa,rap,musicbrainz,Hip-hop / Rap
Wocklations,unknown,none,Other / Unknown
Wolfgang Tillmans,indie,musicbrainz,Rock / Alternative
XXL,Group,musicbrainz,Other / Unknown
XXXTENTACION,rap,musicbrainz,Hip-hop / Rap
YNW Melly,pop rap,musicbrainz,Hip-hop / Rap
Yasiin Bey,hip-hop,musicbrainz,Hip-hop / Rap
Ye,synthpop,musicbrainz,Electronic / Dance
Yeat,trap,musicbrainz,Hip-hop / Rap
Yebba,electronic,musicbrainz,Electronic / Dance
Yeezy Travis,unknown,none,Other / Unknown
Yo Gotti,hip hop,musicbrainz,Hip-hop / Rap
Yoko Ono,rock,musicbrainz,Rock / Alternative
Young Gunz,hip-hop,musicbrainz,Hip-hop / Rap
Young Moose,unknown,none,Other / Unknown
Young Stoner Life,Group,musicbrainz,Other / Unknown
Young Thug,rap,musicbrainz,Hip-hop / Rap
Yung Joc,hip hop,musicbrainz,Hip-hop / Rap
Yung Lean,hip hop,musicbrainz,Hip-hop / Rap
Yung Vex,Person,musicbrainz,Other / Unknown
Za Za Binks,unknown,none,Other / Unknown
Zacari,hip hop,musicbrainz,Hip-hop / Rap
Zach Bryan,country,musicbrainz,Folk / Country
Zachariah E.M. Moffatt,unknown,none,Other / Unknown
Zack Villere,bedroom pop,musicbrainz,Pop
Zane Lowe,Person,musicbrainz,Other / Unknown
Zix (ESP),unknown,none,Other / Unknown
Zoey Dollaz,Person,musicbrainz,Other / Unknown
Zorch,Group,musicbrainz,Other / Unknown
Zzeta Crew,unknown,none,Other / Unknown
billy woods,hip hop,musicbrainz,Hip-hop / Rap
blackbear,pop rap,musicbrainz,Hip-hop / Rap
denny likes squirls,unknown,none,Other / Unknown
inc. no world,Group,musicbrainz,Other / Unknown
k-os,rock,musicbrainz,Rock / Alternative
kaishaku.ninja,unknown,none,Other / Unknown
never (neverend666),unknown,none,Other / Unknown
papa mbye,Person,musicbrainz,Other / Unknown
salute,electronic,musicbrainz,Electronic / Dance
serpentwithfeet,alternative r&b,musicbrainz,R&B / Soul
slowthai,hip hop,musicbrainz,Hip-hop / Rap
will.i.am,hip hop,musicbrainz,Hip-hop / Rap
"¥$, Kanye West & Ty Dolla $ign",unknown,none,Other / Unknown
吴亦凡 (Kris Wu),unknown,none,Other / Unknown
矢野顕子 (Akiko Yano),unknown,none,Other / Unknown
